id,question,answer_coordinates,answer_text,aggregation_labels
0,"Between 2023-05-21 19:08:49.288536 and 2023-12-08 08:44:17.498340, how many transactions were made?","[[23, 0], [24, 0], [25, 0], [26, 0], [27, 0], [28, 0], [29, 0], [30, 0], [31, 0], [32, 0], [33, 0], [34, 0], [35, 0], [36, 0], [37, 0], [38, 0], [39, 0], [40, 0], [41, 0], [42, 0], [43, 0], [44, 0], [45, 0], [46, 0], [47, 0], [48, 0], [49, 0], [50, 0], [51, 0], [52, 0], [53, 0], [54, 0], [55, 0], [56, 0]]",34,1
0,"Between 2023-08-05 05:59:44.324004 and 2023-12-10 11:50:06.229538, how many transactions were made?","[[37, 0], [38, 0], [39, 0], [40, 0], [41, 0], [42, 0], [43, 0], [44, 0], [45, 0], [46, 0], [47, 0], [48, 0], [49, 0], [50, 0], [51, 0], [52, 0], [53, 0], [54, 0], [55, 0], [56, 0], [57, 0], [58, 0]]",22,1
0,"Between 2023-09-12 15:34:46.441269 and 2023-11-13 13:22:28.995898, how many transactions were made?","[[42, 0], [43, 0], [44, 0], [45, 0], [46, 0], [47, 0], [48, 0], [49, 0], [50, 0], [51, 0], [52, 0], [53, 0]]",12,1
0,"Between 2023-01-08 04:01:36.480675 and 2023-12-09 14:32:52.906679, how many transactions were made?","[[3, 0], [4, 0], [5, 0], [6, 0], [7, 0], [8, 0], [9, 0], [10, 0], [11, 0], [12, 0], [13, 0], [14, 0], [15, 0], [16, 0], [17, 0], [18, 0], [19, 0], [20, 0], [21, 0], [22, 0], [23, 0], [24, 0], [25, 0], [26, 0], [27, 0], [28, 0], [29, 0], [30, 0], [31, 0], [32, 0], [33, 0], [34, 0], [35, 0], [36, 0], [37, 0], [38, 0], [39, 0], [40, 0], [41, 0], [42, 0], [43, 0], [44, 0], [45, 0], [46, 0], [47, 0], [48, 0], [49, 0], [50, 0], [51, 0], [52, 0], [53, 0], [54, 0], [55, 0], [56, 0], [57, 0]]",55,1
0,"Between 2023-01-25 16:19:25.124519 and 2023-12-19 09:08:25.992735, how many transactions were made?","[[6, 0], [7, 0], [8, 0], [9, 0], [10, 0], [11, 0], [12, 0], [13, 0], [14, 0], [15, 0], [16, 0], [17, 0], [18, 0], [19, 0], [20, 0], [21, 0], [22, 0], [23, 0], [24, 0], [25, 0], [26, 0], [27, 0], [28, 0], [29, 0], [30, 0], [31, 0], [32, 0], [33, 0], [34, 0], [35, 0], [36, 0], [37, 0], [38, 0], [39, 0], [40, 0], [41, 0], [42, 0], [43, 0], [44, 0], [45, 0], [46, 0], [47, 0], [48, 0], [49, 0], [50, 0], [51, 0], [52, 0], [53, 0], [54, 0], [55, 0], [56, 0], [57, 0], [58, 0], [59, 0], [60, 0], [61, 0], [62, 0], [63, 0]]",58,1
0,"Between 2023-06-18 09:36:15.025343 and 2023-08-24 08:50:25.918653, how many transactions were made?","[[28, 0], [29, 0], [30, 0], [31, 0], [32, 0], [33, 0], [34, 0], [35, 0], [36, 0], [37, 0], [38, 0], [39, 0], [40, 0]]",13,1
0,"Between 2023-07-07 20:39:12.091604 and 2023-11-08 15:15:24.290572, how many transactions were made?","[[30, 0], [31, 0], [32, 0], [33, 0], [34, 0], [35, 0], [36, 0], [37, 0], [38, 0], [39, 0], [40, 0], [41, 0], [42, 0], [43, 0], [44, 0], [45, 0], [46, 0], [47, 0], [48, 0], [49, 0], [50, 0], [51, 0]]",22,1
0,"Between 2023-04-19 16:07:16.350682 and 2023-06-23 05:08:12.908615, how many transactions were made?","[[19, 0], [20, 0], [21, 0], [22, 0], [23, 0], [24, 0], [25, 0], [26, 0], [27, 0], [28, 0], [29, 0]]",11,1
0,"Between 2023-10-24 07:10:02.167660 and 2023-11-08 15:15:24.290572, how many transactions were made?","[[48, 0], [49, 0], [50, 0], [51, 0]]",4,1
0,"Between 2023-07-07 20:39:12.091604 and 2023-07-17 00:26:24.340593, how many transactions were made?","[[30, 0], [31, 0], [32, 0], [33, 0]]",4,1
0,What category did I spend the most on overall?,"[[5, 3], [7, 3], [12, 3], [18, 3], [29, 3], [30, 3], [37, 3], [46, 3], [49, 3], [61, 3]]",utility,1
id,question,answer_coordinates,answer_text,aggregation_labels
1,"Between 2023-01-01 22:06:09.432266 and 2023-11-12 00:20:27.019175, how many transactions were made?","[[1, 0], [2, 0], [3, 0], [4, 0], [5, 0], [6, 0], [7, 0], [8, 0], [9, 0], [10, 0], [11, 0], [12, 0], [13, 0], [14, 0], [15, 0], [16, 0], [17, 0], [18, 0], [19, 0], [20, 0], [21, 0], [22, 0], [23, 0], [24, 0], [25, 0], [26, 0], [27, 0], [28, 0], [29, 0], [30, 0], [31, 0], [32, 0], [33, 0], [34, 0], [35, 0], [36, 0], [37, 0], [38, 0], [39, 0], [40, 0], [41, 0], [42, 0], [43, 0], [44, 0], [45, 0], [46, 0], [47, 0], [48, 0], [49, 0], [50, 0], [51, 0], [52, 0], [53, 0], [54, 0], [55, 0], [56, 0], [57, 0], [58, 0], [59, 0]]",59,1
1,"Between 2023-03-02 11:29:00.954732 and 2023-09-02 12:53:52.708370, how many transactions were made?","[[14, 0], [15, 0], [16, 0], [17, 0], [18, 0], [19, 0], [20, 0], [21, 0], [22, 0], [23, 0], [24, 0], [25, 0], [26, 0], [27, 0], [28, 0], [29, 0], [30, 0], [31, 0], [32, 0], [33, 0], [34, 0], [35, 0], [36, 0], [37, 0], [38, 0], [39, 0], [40, 0], [41, 0], [42, 0], [43, 0], [44, 0], [45, 0], [46, 0], [47, 0]]",34,1
1,"Between 2023-04-03 08:17:16.131844 and 2023-11-01 23:14:01.074292, how many transactions were made?","[[19, 0], [20, 0], [21, 0], [22, 0], [23, 0], [24, 0], [25, 0], [26, 0], [27, 0], [28, 0], [29, 0], [30, 0], [31, 0], [32, 0], [33, 0], [34, 0], [35, 0], [36, 0], [37, 0], [38, 0], [39, 0], [40, 0], [41, 0], [42, 0], [43, 0], [44, 0], [45, 0], [46, 0], [47, 0], [48, 0], [49, 0], [50, 0], [51, 0], [52, 0], [53, 0], [54, 0], [55, 0], [56, 0]]",38,1
1,"Between 2023-04-03 18:14:49.593620 and 2023-11-12 00:20:27.019175, how many transactions were made?","[[20, 0], [21, 0], [22, 0], [23, 0], [24, 0], [25, 0], [26, 0], [27, 0], [28, 0], [29, 0], [30, 0], [31, 0], [32, 0], [33, 0], [34, 0], [35, 0], [36, 0], [37, 0], [38, 0], [39, 0], [40, 0], [41, 0], [42, 0], [43, 0], [44, 0], [45, 0], [46, 0], [47, 0], [48, 0], [49, 0], [50, 0], [51, 0], [52, 0], [53, 0], [54, 0], [55, 0], [56, 0], [57, 0], [58, 0], [59, 0]]",40,1
1,"Between 2023-07-20 20:44:47.017680 and 2023-11-24 02:03:01.233767, how many transactions were made?","[[40, 0], [41, 0], [42, 0], [43, 0], [44, 0], [45, 0], [46, 0], [47, 0], [48, 0], [49, 0], [50, 0], [51, 0], [52, 0], [53, 0], [54, 0], [55, 0], [56, 0], [57, 0], [58, 0], [59, 0], [60, 0], [61, 0], [62, 0]]",23,1
1,"Between 2023-02-04 17:29:19.842213 and 2023-04-10 18:35:58.696272, how many transactions were made?","[[7, 0], [8, 0], [9, 0], [10, 0], [11, 0], [12, 0], [13, 0], [14, 0], [15, 0], [16, 0], [17, 0], [18, 0], [19, 0], [20, 0], [21, 0]]",15,1
1,"Between 2023-01-20 23:06:47.966351 and 2023-02-11 11:54:51.721244, how many transactions were made?","[[4, 0], [5, 0], [6, 0], [7, 0], [8, 0]]",5,1
1,"Between 2023-02-04 17:29:19.842213 and 2023-03-23 03:18:19.354774, how many transactions were made?","[[7, 0], [8, 0], [9, 0], [10, 0], [11, 0], [12, 0], [13, 0], [14, 0], [15, 0], [16, 0], [17, 0]]",11,1
1,"Between 2023-03-21 06:53:51.960483 and 2023-04-03 08:17:16.131844, how many transactions were made?","[[16, 0], [17, 0], [18, 0], [19, 0]]",4,1
1,"Between 2023-09-20 20:50:43.257950 and 2023-11-01 23:14:01.074292, how many transactions were made?","[[48, 0], [49, 0], [50, 0], [51, 0], [52, 0], [53, 0], [54, 0], [55, 0], [56, 0]]",9,1
1,What category did I spend the most on overall?,"[[0, 3], [1, 3], [20, 3], [22, 3], [29, 3], [46, 3], [50, 3]]",government,1
id,question,answer_coordinates,answer_text,aggregation_labels
2,"Between 2023-05-20 21:23:21.663037 and 2023-12-22 05:42:50.107867, how many transactions were made?","[[21, 0], [22, 0], [23, 0], [24, 0], [25, 0], [26, 0], [27, 0], [28, 0], [29, 0], [30, 0], [31, 0], [32, 0], [33, 0], [34, 0], [35, 0], [36, 0], [37, 0], [38, 0], [39, 0], [40, 0], [41, 0], [42, 0], [43, 0], [44, 0], [45, 0], [46, 0], [47, 0], [48, 0], [49, 0], [50, 0], [51, 0], [52, 0], [53, 0], [54, 0], [55, 0], [56, 0], [57, 0], [58, 0], [59, 0], [60, 0], [61, 0], [62, 0], [63, 0]]",43,1
2,"Between 2023-07-29 01:09:58.461722 and 2023-12-06 16:14:50.189113, how many transactions were made?","[[33, 0], [34, 0], [35, 0], [36, 0], [37, 0], [38, 0], [39, 0], [40, 0], [41, 0], [42, 0], [43, 0], [44, 0], [45, 0], [46, 0], [47, 0], [48, 0], [49, 0], [50, 0], [51, 0], [52, 0], [53, 0], [54, 0], [55, 0], [56, 0], [57, 0], [58, 0], [59, 0], [60, 0]]",28,1
2,"Between 2023-07-08 21:36:12.143403 and 2023-09-01 01:05:58.059051, how many transactions were made?","[[30, 0], [31, 0], [32, 0], [33, 0], [34, 0], [35, 0], [36, 0], [37, 0], [38, 0], [39, 0], [40, 0]]",11,1
2,"Between 2023-04-15 02:47:38.468406 and 2023-05-30 00:23:23.560477, how many transactions were made?","[[17, 0], [18, 0], [19, 0], [20, 0], [21, 0], [22, 0], [23, 0]]",7,1
2,"Between 2023-01-30 14:21:28.918975 and 2023-10-07 01:07:04.947472, how many transactions were made?","[[8, 0], [9, 0], [10, 0], [11, 0], [12, 0], [13, 0], [14, 0], [15, 0], [16, 0], [17, 0], [18, 0], [19, 0], [20, 0], [21, 0], [22, 0], [23, 0], [24, 0], [25, 0], [26, 0], [27, 0], [28, 0], [29, 0], [30, 0], [31, 0], [32, 0], [33, 0], [34, 0], [35, 0], [36, 0], [37, 0], [38, 0], [39, 0], [40, 0], [41, 0], [42, 0], [43, 0], [44, 0], [45, 0], [46, 0], [47, 0], [48, 0], [49, 0]]",42,1
2,"Between 2023-01-30 14:21:28.918975 and 2023-07-21 21:07:22.776061, how many transactions were made?","[[8, 0], [9, 0], [10, 0], [11, 0], [12, 0], [13, 0], [14, 0], [15, 0], [16, 0], [17, 0], [18, 0], [19, 0], [20, 0], [21, 0], [22, 0], [23, 0], [24, 0], [25, 0], [26, 0], [27, 0], [28, 0], [29, 0], [30, 0], [31, 0], [32, 0]]",25,1
2,"Between 2022-12-31 21:48:50.557181 and 2023-10-03 23:59:22.435739, how many transactions were made?","[[2, 0], [3, 0], [4, 0], [5, 0], [6, 0], [7, 0], [8, 0], [9, 0], [10, 0], [11, 0], [12, 0], [13, 0], [14, 0], [15, 0], [16, 0], [17, 0], [18, 0], [19, 0], [20, 0], [21, 0], [22, 0], [23, 0], [24, 0], [25, 0], [26, 0], [27, 0], [28, 0], [29, 0], [30, 0], [31, 0], [32, 0], [33, 0], [34, 0], [35, 0], [36, 0], [37, 0], [38, 0], [39, 0], [40, 0], [41, 0], [42, 0], [43, 0], [44, 0], [45, 0], [46, 0]]",45,1
2,"Between 2023-05-24 23:29:42.175889 and 2023-09-19 07:17:11.335297, how many transactions were made?","[[22, 0], [23, 0], [24, 0], [25, 0], [26, 0], [27, 0], [28, 0], [29, 0], [30, 0], [31, 0], [32, 0], [33, 0], [34, 0], [35, 0], [36, 0], [37, 0], [38, 0], [39, 0], [40, 0], [41, 0], [42, 0], [43, 0]]",22,1
2,"Between 2023-08-21 23:03:15.361091 and 2023-08-30 14:04:10.262081, how many transactions were made?","[[36, 0], [37, 0], [38, 0], [39, 0]]",4,1
2,"Between 2023-03-09 18:18:32.407721 and 2023-10-06 07:59:14.075818, how many transactions were made?","[[12, 0], [13, 0], [14, 0], [15, 0], [16, 0], [17, 0], [18, 0], [19, 0], [20, 0], [21, 0], [22, 0], [23, 0], [24, 0], [25, 0], [26, 0], [27, 0], [28, 0], [29, 0], [30, 0], [31, 0], [32, 0], [33, 0], [34, 0], [35, 0], [36, 0], [37, 0], [38, 0], [39, 0], [40, 0], [41, 0], [42, 0], [43, 0], [44, 0], [45, 0], [46, 0], [47, 0], [48, 0]]",37,1
2,What category did I spend the most on overall?,"[[2, 3], [8, 3], [16, 3], [19, 3], [42, 3], [51, 3], [53, 3], [55, 3]]",airlines,1
id,question,answer_coordinates,answer_text,aggregation_labels
3,"Between 2023-05-05 16:06:05.398513 and 2023-08-30 16:17:09.028726, how many transactions were made?","[[22, 0], [23, 0], [24, 0], [25, 0], [26, 0], [27, 0], [28, 0], [29, 0], [30, 0], [31, 0], [32, 0], [33, 0], [34, 0], [35, 0], [36, 0], [37, 0], [38, 0], [39, 0], [40, 0], [41, 0], [42, 0], [43, 0], [44, 0]]",23,1
3,"Between 2023-07-24 21:35:53.333810 and 2023-10-29 11:32:34.711478, how many transactions were made?","[[37, 0], [38, 0], [39, 0], [40, 0], [41, 0], [42, 0], [43, 0], [44, 0], [45, 0], [46, 0], [47, 0], [48, 0], [49, 0], [50, 0], [51, 0], [52, 0], [53, 0]]",17,1
3,"Between 2023-02-13 10:53:07.723764 and 2023-04-04 16:53:45.488447, how many transactions were made?","[[10, 0], [11, 0], [12, 0], [13, 0], [14, 0], [15, 0], [16, 0], [17, 0], [18, 0], [19, 0]]",10,1
3,"Between 2023-02-19 08:29:59.608382 and 2023-03-19 01:46:09.749760, how many transactions were made?","[[12, 0], [13, 0], [14, 0], [15, 0]]",4,1
3,"Between 2023-02-19 08:29:59.608382 and 2023-07-05 08:16:21.546396, how many transactions were made?","[[12, 0], [13, 0], [14, 0], [15, 0], [16, 0], [17, 0], [18, 0], [19, 0], [20, 0], [21, 0], [22, 0], [23, 0], [24, 0], [25, 0], [26, 0], [27, 0], [28, 0], [29, 0], [30, 0], [31, 0], [32, 0], [33, 0], [34, 0], [35, 0]]",24,1
3,"Between 2023-01-07 14:57:33.645454 and 2023-05-05 16:06:05.398513, how many transactions were made?","[[3, 0], [4, 0], [5, 0], [6, 0], [7, 0], [8, 0], [9, 0], [10, 0], [11, 0], [12, 0], [13, 0], [14, 0], [15, 0], [16, 0], [17, 0], [18, 0], [19, 0], [20, 0], [21, 0], [22, 0]]",20,1
3,"Between 2023-08-30 16:17:09.028726 and 2023-11-08 13:40:14.639906, how many transactions were made?","[[44, 0], [45, 0], [46, 0], [47, 0], [48, 0], [49, 0], [50, 0], [51, 0], [52, 0], [53, 0], [54, 0], [55, 0], [56, 0], [57, 0], [58, 0]]",15,1
3,"Between 2023-07-02 07:15:24.897651 and 2023-11-19 10:26:48.468412, how many transactions were made?","[[33, 0], [34, 0], [35, 0], [36, 0], [37, 0], [38, 0], [39, 0], [40, 0], [41, 0], [42, 0], [43, 0], [44, 0], [45, 0], [46, 0], [47, 0], [48, 0], [49, 0], [50, 0], [51, 0], [52, 0], [53, 0], [54, 0], [55, 0], [56, 0], [57, 0], [58, 0], [59, 0], [60, 0]]",28,1
3,"Between 2023-01-06 12:15:26.408756 and 2023-08-19 07:50:44.830944, how many transactions were made?","[[2, 0], [3, 0], [4, 0], [5, 0], [6, 0], [7, 0], [8, 0], [9, 0], [10, 0], [11, 0], [12, 0], [13, 0], [14, 0], [15, 0], [16, 0], [17, 0], [18, 0], [19, 0], [20, 0], [21, 0], [22, 0], [23, 0], [24, 0], [25, 0], [26, 0], [27, 0], [28, 0], [29, 0], [30, 0], [31, 0], [32, 0], [33, 0], [34, 0], [35, 0], [36, 0], [37, 0], [38, 0], [39, 0], [40, 0], [41, 0], [42, 0]]",41,1
3,"Between 2023-02-13 10:53:07.723764 and 2023-07-19 07:40:14.064368, how many transactions were made?","[[10, 0], [11, 0], [12, 0], [13, 0], [14, 0], [15, 0], [16, 0], [17, 0], [18, 0], [19, 0], [20, 0], [21, 0], [22, 0], [23, 0], [24, 0], [25, 0], [26, 0], [27, 0], [28, 0], [29, 0], [30, 0], [31, 0], [32, 0], [33, 0], [34, 0], [35, 0], [36, 0]]",27,1
3,What category did I spend the most on overall?,"[[3, 3], [14, 3], [15, 3], [33, 3], [39, 3], [47, 3], [51, 3], [53, 3], [57, 3], [58, 3]]",business,1
id,question,answer_coordinates,answer_text,aggregation_labels
4,"Between 2023-01-08 01:36:39.910388 and 2023-07-27 16:36:26.131159, how many transactions were made?","[[1, 0], [2, 0], [3, 0], [4, 0], [5, 0], [6, 0], [7, 0], [8, 0], [9, 0], [10, 0], [11, 0], [12, 0], [13, 0], [14, 0], [15, 0], [16, 0], [17, 0], [18, 0], [19, 0], [20, 0], [21, 0], [22, 0], [23, 0], [24, 0], [25, 0], [26, 0], [27, 0], [28, 0], [29, 0], [30, 0], [31, 0], [32, 0], [33, 0]]",33,1
4,"Between 2023-02-15 19:52:47.861595 and 2023-07-14 04:51:10.441633, how many transactions were made?","[[8, 0], [9, 0], [10, 0], [11, 0], [12, 0], [13, 0], [14, 0], [15, 0], [16, 0], [17, 0], [18, 0], [19, 0], [20, 0], [21, 0], [22, 0], [23, 0], [24, 0], [25, 0], [26, 0], [27, 0], [28, 0], [29, 0], [30, 0], [31, 0], [32, 0]]",25,1
4,"Between 2023-05-20 04:38:19.538655 and 2023-07-02 11:16:15.424558, how many transactions were made?","[[15, 0], [16, 0], [17, 0], [18, 0], [19, 0], [20, 0], [21, 0], [22, 0], [23, 0], [24, 0], [25, 0], [26, 0], [27, 0]]",13,1
4,"Between 2023-05-20 04:38:19.538655 and 2023-09-12 20:10:38.200829, how many transactions were made?","[[15, 0], [16, 0], [17, 0], [18, 0], [19, 0], [20, 0], [21, 0], [22, 0], [23, 0], [24, 0], [25, 0], [26, 0], [27, 0], [28, 0], [29, 0], [30, 0], [31, 0], [32, 0], [33, 0], [34, 0], [35, 0], [36, 0], [37, 0], [38, 0], [39, 0], [40, 0], [41, 0], [42, 0], [43, 0]]",29,1
4,"Between 2023-09-25 21:54:56.291167 and 2023-11-22 16:55:13.634990, how many transactions were made?","[[46, 0], [47, 0], [48, 0], [49, 0], [50, 0], [51, 0], [52, 0], [53, 0], [54, 0], [55, 0], [56, 0], [57, 0], [58, 0]]",13,1
4,"Between 2023-05-23 09:31:57.171858 and 2023-07-07 08:46:10.405055, how many transactions were made?","[[17, 0], [18, 0], [19, 0], [20, 0], [21, 0], [22, 0], [23, 0], [24, 0], [25, 0], [26, 0], [27, 0], [28, 0], [29, 0]]",13,1
4,"Between 2023-03-13 20:17:33.847901 and 2023-05-23 08:03:52.174035, how many transactions were made?","[[9, 0], [10, 0], [11, 0], [12, 0], [13, 0], [14, 0], [15, 0], [16, 0]]",8,1
4,"Between 2023-01-20 22:59:28.494714 and 2023-08-18 11:38:48.467128, how many transactions were made?","[[3, 0], [4, 0], [5, 0], [6, 0], [7, 0], [8, 0], [9, 0], [10, 0], [11, 0], [12, 0], [13, 0], [14, 0], [15, 0], [16, 0], [17, 0], [18, 0], [19, 0], [20, 0], [21, 0], [22, 0], [23, 0], [24, 0], [25, 0], [26, 0], [27, 0], [28, 0], [29, 0], [30, 0], [31, 0], [32, 0], [33, 0], [34, 0], [35, 0], [36, 0], [37, 0], [38, 0]]",36,1
4,"Between 2023-07-14 04:51:10.441633 and 2023-10-22 14:10:36.399040, how many transactions were made?","[[32, 0], [33, 0], [34, 0], [35, 0], [36, 0], [37, 0], [38, 0], [39, 0], [40, 0], [41, 0], [42, 0], [43, 0], [44, 0], [45, 0], [46, 0], [47, 0], [48, 0], [49, 0], [50, 0]]",19,1
4,"Between 2023-05-31 09:39:32.021460 and 2023-07-14 04:51:10.441633, how many transactions were made?","[[22, 0], [23, 0], [24, 0], [25, 0], [26, 0], [27, 0], [28, 0], [29, 0], [30, 0], [31, 0], [32, 0]]",11,1
4,What category did I spend the most on overall?,"[[3, 3], [11, 3], [16, 3], [23, 3], [31, 3], [32, 3], [37, 3], [59, 3]]",transportation,1
id,question,answer_coordinates,answer_text,aggregation_labels
5,"Between 2023-04-17 14:33:49.901470 and 2023-11-13 08:55:39.704147, how many transactions were made?","[[19, 0], [20, 0], [21, 0], [22, 0], [23, 0], [24, 0], [25, 0], [26, 0], [27, 0], [28, 0], [29, 0], [30, 0], [31, 0], [32, 0], [33, 0], [34, 0], [35, 0], [36, 0], [37, 0], [38, 0], [39, 0], [40, 0], [41, 0], [42, 0], [43, 0], [44, 0], [45, 0], [46, 0], [47, 0], [48, 0], [49, 0], [50, 0], [51, 0], [52, 0], [53, 0], [54, 0], [55, 0]]",37,1
5,"Between 2023-03-15 21:09:43.074771 and 2023-11-29 16:50:22.592971, how many transactions were made?","[[15, 0], [16, 0], [17, 0], [18, 0], [19, 0], [20, 0], [21, 0], [22, 0], [23, 0], [24, 0], [25, 0], [26, 0], [27, 0], [28, 0], [29, 0], [30, 0], [31, 0], [32, 0], [33, 0], [34, 0], [35, 0], [36, 0], [37, 0], [38, 0], [39, 0], [40, 0], [41, 0], [42, 0], [43, 0], [44, 0], [45, 0], [46, 0], [47, 0], [48, 0], [49, 0], [50, 0], [51, 0], [52, 0], [53, 0], [54, 0], [55, 0], [56, 0]]",42,1
5,"Between 2023-03-30 09:41:14.903189 and 2023-04-26 23:57:59.316267, how many transactions were made?","[[18, 0], [19, 0], [20, 0], [21, 0], [22, 0], [23, 0]]",6,1
5,"Between 2023-02-01 23:07:14.342578 and 2023-09-16 22:08:11.773146, how many transactions were made?","[[7, 0], [8, 0], [9, 0], [10, 0], [11, 0], [12, 0], [13, 0], [14, 0], [15, 0], [16, 0], [17, 0], [18, 0], [19, 0], [20, 0], [21, 0], [22, 0], [23, 0], [24, 0], [25, 0], [26, 0], [27, 0], [28, 0], [29, 0], [30, 0], [31, 0], [32, 0], [33, 0], [34, 0], [35, 0], [36, 0], [37, 0], [38, 0], [39, 0], [40, 0], [41, 0], [42, 0], [43, 0]]",37,1
5,"Between 2023-07-04 21:43:56.261048 and 2023-10-09 06:20:48.675851, how many transactions were made?","[[32, 0], [33, 0], [34, 0], [35, 0], [36, 0], [37, 0], [38, 0], [39, 0], [40, 0], [41, 0], [42, 0], [43, 0], [44, 0], [45, 0], [46, 0], [47, 0], [48, 0]]",17,1
5,"Between 2023-08-10 21:23:44.666771 and 2023-12-01 07:23:39.587204, how many transactions were made?","[[38, 0], [39, 0], [40, 0], [41, 0], [42, 0], [43, 0], [44, 0], [45, 0], [46, 0], [47, 0], [48, 0], [49, 0], [50, 0], [51, 0], [52, 0], [53, 0], [54, 0], [55, 0], [56, 0], [57, 0]]",20,1
5,"Between 2023-04-24 09:39:01.990086 and 2023-07-19 14:27:07.853739, how many transactions were made?","[[22, 0], [23, 0], [24, 0], [25, 0], [26, 0], [27, 0], [28, 0], [29, 0], [30, 0], [31, 0], [32, 0], [33, 0], [34, 0], [35, 0]]",14,1
5,"Between 2023-10-09 22:53:52.698095 and 2023-12-02 09:51:49.203539, how many transactions were made?","[[49, 0], [50, 0], [51, 0], [52, 0], [53, 0], [54, 0], [55, 0], [56, 0], [57, 0], [58, 0]]",10,1
5,"Between 2023-01-20 00:08:15.691342 and 2023-03-30 09:41:14.903189, how many transactions were made?","[[4, 0], [5, 0], [6, 0], [7, 0], [8, 0], [9, 0], [10, 0], [11, 0], [12, 0], [13, 0], [14, 0], [15, 0], [16, 0], [17, 0], [18, 0]]",15,1
5,"Between 2023-07-27 23:50:20.565775 and 2023-08-22 16:15:24.678200, how many transactions were made?","[[37, 0], [38, 0], [39, 0], [40, 0]]",4,1
5,What category did I spend the most on overall?,"[[1, 3], [2, 3], [13, 3], [16, 3], [40, 3], [45, 3], [49, 3], [50, 3], [51, 3], [63, 3]]",retail,1
id,question,answer_coordinates,answer_text,aggregation_labels
6,"Between 2023-10-13 22:14:57.011362 and 2023-11-08 19:30:14.286801, how many transactions were made?","[[52, 0], [53, 0], [54, 0], [55, 0], [56, 0], [57, 0]]",6,1
6,"Between 2023-02-21 17:06:30.347914 and 2023-06-08 16:40:25.435857, how many transactions were made?","[[8, 0], [9, 0], [10, 0], [11, 0], [12, 0], [13, 0], [14, 0], [15, 0], [16, 0], [17, 0], [18, 0], [19, 0], [20, 0], [21, 0], [22, 0], [23, 0]]",16,1
6,"Between 2023-06-10 22:56:16.020549 and 2023-10-22 13:29:59.629503, how many transactions were made?","[[24, 0], [25, 0], [26, 0], [27, 0], [28, 0], [29, 0], [30, 0], [31, 0], [32, 0], [33, 0], [34, 0], [35, 0], [36, 0], [37, 0], [38, 0], [39, 0], [40, 0], [41, 0], [42, 0], [43, 0], [44, 0], [45, 0], [46, 0], [47, 0], [48, 0], [49, 0], [50, 0], [51, 0], [52, 0], [53, 0]]",30,1
6,"Between 2023-06-11 10:26:57.635780 and 2023-07-10 23:15:55.845694, how many transactions were made?","[[25, 0], [26, 0], [27, 0], [28, 0], [29, 0]]",5,1
6,"Between 2023-03-14 22:13:55.704553 and 2023-08-28 02:46:22.389523, how many transactions were made?","[[12, 0], [13, 0], [14, 0], [15, 0], [16, 0], [17, 0], [18, 0], [19, 0], [20, 0], [21, 0], [22, 0], [23, 0], [24, 0], [25, 0], [26, 0], [27, 0], [28, 0], [29, 0], [30, 0], [31, 0], [32, 0], [33, 0], [34, 0], [35, 0], [36, 0], [37, 0], [38, 0], [39, 0]]",28,1
6,"Between 2023-02-15 19:20:28.195619 and 2023-09-24 17:20:49.416489, how many transactions were made?","[[6, 0], [7, 0], [8, 0], [9, 0], [10, 0], [11, 0], [12, 0], [13, 0], [14, 0], [15, 0], [16, 0], [17, 0], [18, 0], [19, 0], [20, 0], [21, 0], [22, 0], [23, 0], [24, 0], [25, 0], [26, 0], [27, 0], [28, 0], [29, 0], [30, 0], [31, 0], [32, 0], [33, 0], [34, 0], [35, 0], [36, 0], [37, 0], [38, 0], [39, 0], [40, 0], [41, 0], [42, 0], [43, 0], [44, 0], [45, 0]]",40,1
6,"Between 2023-01-15 14:04:22.467158 and 2023-08-27 10:37:09.999279, how many transactions were made?","[[0, 0], [1, 0], [2, 0], [3, 0], [4, 0], [5, 0], [6, 0], [7, 0], [8, 0], [9, 0], [10, 0], [11, 0], [12, 0], [13, 0], [14, 0], [15, 0], [16, 0], [17, 0], [18, 0], [19, 0], [20, 0], [21, 0], [22, 0], [23, 0], [24, 0], [25, 0], [26, 0], [27, 0], [28, 0], [29, 0], [30, 0], [31, 0], [32, 0], [33, 0], [34, 0], [35, 0], [36, 0], [37, 0], [38, 0]]",39,1
6,"Between 2023-03-14 22:13:55.704553 and 2023-09-09 12:51:35.752599, how many transactions were made?","[[12, 0], [13, 0], [14, 0], [15, 0], [16, 0], [17, 0], [18, 0], [19, 0], [20, 0], [21, 0], [22, 0], [23, 0], [24, 0], [25, 0], [26, 0], [27, 0], [28, 0], [29, 0], [30, 0], [31, 0], [32, 0], [33, 0], [34, 0], [35, 0], [36, 0], [37, 0], [38, 0], [39, 0], [40, 0], [41, 0]]",30,1
6,"Between 2023-10-23 10:03:50.680547 and 2023-12-10 20:01:30.976559, how many transactions were made?","[[54, 0], [55, 0], [56, 0], [57, 0], [58, 0], [59, 0], [60, 0], [61, 0], [62, 0]]",9,1
6,"Between 2023-06-03 17:12:11.547529 and 2023-06-11 10:26:57.635780, how many transactions were made?","[[22, 0], [23, 0], [24, 0], [25, 0]]",4,1
6,What category did I spend the most on overall?,"[[11, 3], [18, 3], [21, 3], [24, 3], [27, 3], [30, 3], [34, 3], [43, 3], [48, 3], [59, 3], [60, 3], [62, 3]]",misc,1
id,question,answer_coordinates,answer_text,aggregation_labels
7,"Between 2023-03-05 04:58:59.335662 and 2023-07-02 15:27:22.598528, how many transactions were made?","[[16, 0], [17, 0], [18, 0], [19, 0], [20, 0], [21, 0], [22, 0], [23, 0], [24, 0], [25, 0], [26, 0], [27, 0], [28, 0], [29, 0], [30, 0], [31, 0], [32, 0], [33, 0], [34, 0], [35, 0], [36, 0]]",21,1
7,"Between 2023-06-19 07:36:33.726664 and 2023-12-09 16:40:54.498609, how many transactions were made?","[[35, 0], [36, 0], [37, 0], [38, 0], [39, 0], [40, 0], [41, 0], [42, 0], [43, 0], [44, 0], [45, 0], [46, 0], [47, 0], [48, 0], [49, 0], [50, 0], [51, 0], [52, 0], [53, 0], [54, 0], [55, 0], [56, 0], [57, 0], [58, 0], [59, 0], [60, 0], [61, 0]]",27,1
7,"Between 2023-02-07 05:45:43.563198 and 2023-11-05 09:22:18.214273, how many transactions were made?","[[8, 0], [9, 0], [10, 0], [11, 0], [12, 0], [13, 0], [14, 0], [15, 0], [16, 0], [17, 0], [18, 0], [19, 0], [20, 0], [21, 0], [22, 0], [23, 0], [24, 0], [25, 0], [26, 0], [27, 0], [28, 0], [29, 0], [30, 0], [31, 0], [32, 0], [33, 0], [34, 0], [35, 0], [36, 0], [37, 0], [38, 0], [39, 0], [40, 0], [41, 0], [42, 0], [43, 0], [44, 0], [45, 0], [46, 0], [47, 0], [48, 0], [49, 0], [50, 0], [51, 0], [52, 0], [53, 0], [54, 0]]",47,1
7,"Between 2023-06-01 04:05:48.069710 and 2023-10-24 17:02:14.180121, how many transactions were made?","[[29, 0], [30, 0], [31, 0], [32, 0], [33, 0], [34, 0], [35, 0], [36, 0], [37, 0], [38, 0], [39, 0], [40, 0], [41, 0], [42, 0], [43, 0], [44, 0], [45, 0], [46, 0], [47, 0], [48, 0], [49, 0], [50, 0], [51, 0]]",23,1
7,"Between 2023-02-26 02:02:36.163084 and 2023-03-26 03:53:51.369724, how many transactions were made?","[[11, 0], [12, 0], [13, 0], [14, 0], [15, 0], [16, 0], [17, 0], [18, 0], [19, 0], [20, 0], [21, 0], [22, 0], [23, 0], [24, 0], [25, 0]]",15,1
7,"Between 2023-06-08 05:40:58.295473 and 2023-08-04 22:10:14.513800, how many transactions were made?","[[30, 0], [31, 0], [32, 0], [33, 0], [34, 0], [35, 0], [36, 0], [37, 0], [38, 0], [39, 0], [40, 0], [41, 0], [42, 0], [43, 0], [44, 0]]",15,1
7,"Between 2023-03-12 14:32:40.334677 and 2023-09-02 00:28:38.581063, how many transactions were made?","[[19, 0], [20, 0], [21, 0], [22, 0], [23, 0], [24, 0], [25, 0], [26, 0], [27, 0], [28, 0], [29, 0], [30, 0], [31, 0], [32, 0], [33, 0], [34, 0], [35, 0], [36, 0], [37, 0], [38, 0], [39, 0], [40, 0], [41, 0], [42, 0], [43, 0], [44, 0], [45, 0], [46, 0], [47, 0]]",29,1
7,"Between 2023-03-16 02:56:55.956810 and 2023-07-07 11:25:11.018369, how many transactions were made?","[[20, 0], [21, 0], [22, 0], [23, 0], [24, 0], [25, 0], [26, 0], [27, 0], [28, 0], [29, 0], [30, 0], [31, 0], [32, 0], [33, 0], [34, 0], [35, 0], [36, 0], [37, 0], [38, 0]]",19,1
7,"Between 2023-03-12 14:32:40.334677 and 2023-07-07 11:25:11.018369, how many transactions were made?","[[19, 0], [20, 0], [21, 0], [22, 0], [23, 0], [24, 0], [25, 0], [26, 0], [27, 0], [28, 0], [29, 0], [30, 0], [31, 0], [32, 0], [33, 0], [34, 0], [35, 0], [36, 0], [37, 0], [38, 0]]",20,1
7,"Between 2023-09-22 21:45:54.538669 and 2023-11-24 06:33:54.990120, how many transactions were made?","[[49, 0], [50, 0], [51, 0], [52, 0], [53, 0], [54, 0], [55, 0], [56, 0], [57, 0]]",9,1
7,What category did I spend the most on overall?,"[[11, 3], [14, 3], [15, 3], [16, 3], [17, 3], [29, 3], [34, 3], [43, 3], [44, 3], [50, 3], [63, 3]]",misc,1
id,question,answer_coordinates,answer_text,aggregation_labels
8,"Between 2023-07-28 10:18:12.118724 and 2023-12-09 11:29:50.699043, how many transactions were made?","[[36, 0], [37, 0], [38, 0], [39, 0], [40, 0], [41, 0], [42, 0], [43, 0], [44, 0], [45, 0], [46, 0], [47, 0], [48, 0], [49, 0], [50, 0], [51, 0], [52, 0], [53, 0], [54, 0], [55, 0], [56, 0], [57, 0], [58, 0]]",23,1
8,"Between 2023-03-27 00:05:28.034816 and 2023-10-07 12:04:28.324310, how many transactions were made?","[[16, 0], [17, 0], [18, 0], [19, 0], [20, 0], [21, 0], [22, 0], [23, 0], [24, 0], [25, 0], [26, 0], [27, 0], [28, 0], [29, 0], [30, 0], [31, 0], [32, 0], [33, 0], [34, 0], [35, 0], [36, 0], [37, 0], [38, 0], [39, 0], [40, 0], [41, 0], [42, 0], [43, 0], [44, 0], [45, 0], [46, 0], [47, 0], [48, 0]]",33,1
8,"Between 2023-07-09 00:28:03.763816 and 2023-12-03 19:35:55.317312, how many transactions were made?","[[31, 0], [32, 0], [33, 0], [34, 0], [35, 0], [36, 0], [37, 0], [38, 0], [39, 0], [40, 0], [41, 0], [42, 0], [43, 0], [44, 0], [45, 0], [46, 0], [47, 0], [48, 0], [49, 0], [50, 0], [51, 0], [52, 0], [53, 0], [54, 0], [55, 0], [56, 0]]",26,1
8,"Between 2023-07-09 00:28:03.763816 and 2023-10-07 12:04:28.324310, how many transactions were made?","[[31, 0], [32, 0], [33, 0], [34, 0], [35, 0], [36, 0], [37, 0], [38, 0], [39, 0], [40, 0], [41, 0], [42, 0], [43, 0], [44, 0], [45, 0], [46, 0], [47, 0], [48, 0]]",18,1
8,"Between 2023-03-04 17:14:41.439148 and 2023-08-26 18:09:22.159244, how many transactions were made?","[[12, 0], [13, 0], [14, 0], [15, 0], [16, 0], [17, 0], [18, 0], [19, 0], [20, 0], [21, 0], [22, 0], [23, 0], [24, 0], [25, 0], [26, 0], [27, 0], [28, 0], [29, 0], [30, 0], [31, 0], [32, 0], [33, 0], [34, 0], [35, 0], [36, 0], [37, 0], [38, 0], [39, 0], [40, 0]]",29,1
8,"Between 2023-10-01 20:08:16.937464 and 2023-11-04 12:33:36.799199, how many transactions were made?","[[46, 0], [47, 0], [48, 0], [49, 0], [50, 0], [51, 0], [52, 0], [53, 0], [54, 0]]",9,1
8,"Between 2023-05-01 15:08:33.880219 and 2023-05-04 21:47:32.550491, how many transactions were made?","[[21, 0], [22, 0]]",2,1
8,"Between 2023-03-11 05:37:54.161956 and 2023-08-26 18:09:22.159244, how many transactions were made?","[[14, 0], [15, 0], [16, 0], [17, 0], [18, 0], [19, 0], [20, 0], [21, 0], [22, 0], [23, 0], [24, 0], [25, 0], [26, 0], [27, 0], [28, 0], [29, 0], [30, 0], [31, 0], [32, 0], [33, 0], [34, 0], [35, 0], [36, 0], [37, 0], [38, 0], [39, 0], [40, 0]]",27,1
8,"Between 2023-03-11 05:37:54.161956 and 2023-04-10 20:34:01.181808, how many transactions were made?","[[14, 0], [15, 0], [16, 0], [17, 0], [18, 0]]",5,1
8,"Between 2023-07-09 11:45:03.622651 and 2023-10-07 19:39:27.260089, how many transactions were made?","[[32, 0], [33, 0], [34, 0], [35, 0], [36, 0], [37, 0], [38, 0], [39, 0], [40, 0], [41, 0], [42, 0], [43, 0], [44, 0], [45, 0], [46, 0], [47, 0], [48, 0], [49, 0]]",18,1
8,What category did I spend the most on overall?,"[[1, 3], [4, 3], [30, 3], [32, 3], [42, 3], [49, 3], [52, 3], [61, 3], [63, 3]]",retail,1
id,question,answer_coordinates,answer_text,aggregation_labels
9,"Between 2023-07-16 18:40:15.536074 and 2023-07-21 02:38:44.961948, how many transactions were made?","[[32, 0], [33, 0], [34, 0], [35, 0]]",4,1
9,"Between 2023-03-18 16:23:23.445899 and 2023-06-10 16:45:53.483134, how many transactions were made?","[[15, 0], [16, 0], [17, 0], [18, 0], [19, 0], [20, 0], [21, 0], [22, 0], [23, 0], [24, 0], [25, 0], [26, 0]]",12,1
9,"Between 2023-08-03 08:10:32.680231 and 2023-12-23 17:56:50.888298, how many transactions were made?","[[38, 0], [39, 0], [40, 0], [41, 0], [42, 0], [43, 0], [44, 0], [45, 0], [46, 0], [47, 0], [48, 0], [49, 0], [50, 0], [51, 0], [52, 0], [53, 0], [54, 0], [55, 0], [56, 0], [57, 0], [58, 0], [59, 0], [60, 0], [61, 0], [62, 0], [63, 0]]",26,1
9,"Between 2023-06-20 14:07:46.273487 and 2023-11-28 01:10:55.524020, how many transactions were made?","[[29, 0], [30, 0], [31, 0], [32, 0], [33, 0], [34, 0], [35, 0], [36, 0], [37, 0], [38, 0], [39, 0], [40, 0], [41, 0], [42, 0], [43, 0], [44, 0], [45, 0], [46, 0], [47, 0], [48, 0], [49, 0], [50, 0], [51, 0], [52, 0], [53, 0], [54, 0], [55, 0], [56, 0], [57, 0], [58, 0], [59, 0], [60, 0]]",32,1
9,"Between 2023-01-31 15:48:12.165481 and 2023-11-25 20:02:00.505061, how many transactions were made?","[[7, 0], [8, 0], [9, 0], [10, 0], [11, 0], [12, 0], [13, 0], [14, 0], [15, 0], [16, 0], [17, 0], [18, 0], [19, 0], [20, 0], [21, 0], [22, 0], [23, 0], [24, 0], [25, 0], [26, 0], [27, 0], [28, 0], [29, 0], [30, 0], [31, 0], [32, 0], [33, 0], [34, 0], [35, 0], [36, 0], [37, 0], [38, 0], [39, 0], [40, 0], [41, 0], [42, 0], [43, 0], [44, 0], [45, 0], [46, 0], [47, 0], [48, 0], [49, 0], [50, 0], [51, 0], [52, 0], [53, 0], [54, 0], [55, 0], [56, 0], [57, 0], [58, 0], [59, 0]]",53,1
9,"Between 2023-01-28 14:02:30.046564 and 2023-08-03 08:10:32.680231, how many transactions were made?","[[5, 0], [6, 0], [7, 0], [8, 0], [9, 0], [10, 0], [11, 0], [12, 0], [13, 0], [14, 0], [15, 0], [16, 0], [17, 0], [18, 0], [19, 0], [20, 0], [21, 0], [22, 0], [23, 0], [24, 0], [25, 0], [26, 0], [27, 0], [28, 0], [29, 0], [30, 0], [31, 0], [32, 0], [33, 0], [34, 0], [35, 0], [36, 0], [37, 0], [38, 0]]",34,1
9,"Between 2023-05-20 19:17:30.036791 and 2023-06-05 18:09:02.592741, how many transactions were made?","[[23, 0], [24, 0]]",2,1
9,"Between 2023-02-02 05:28:09.694777 and 2023-08-30 09:32:08.338394, how many transactions were made?","[[8, 0], [9, 0], [10, 0], [11, 0], [12, 0], [13, 0], [14, 0], [15, 0], [16, 0], [17, 0], [18, 0], [19, 0], [20, 0], [21, 0], [22, 0], [23, 0], [24, 0], [25, 0], [26, 0], [27, 0], [28, 0], [29, 0], [30, 0], [31, 0], [32, 0], [33, 0], [34, 0], [35, 0], [36, 0], [37, 0], [38, 0], [39, 0], [40, 0], [41, 0], [42, 0], [43, 0], [44, 0]]",37,1
9,"Between 2023-01-06 04:22:38.442125 and 2023-06-20 14:07:46.273487, how many transactions were made?","[[3, 0], [4, 0], [5, 0], [6, 0], [7, 0], [8, 0], [9, 0], [10, 0], [11, 0], [12, 0], [13, 0], [14, 0], [15, 0], [16, 0], [17, 0], [18, 0], [19, 0], [20, 0], [21, 0], [22, 0], [23, 0], [24, 0], [25, 0], [26, 0], [27, 0], [28, 0], [29, 0]]",27,1
9,"Between 2023-08-03 13:58:06.279462 and 2023-09-17 12:05:36.329123, how many transactions were made?","[[39, 0], [40, 0], [41, 0], [42, 0], [43, 0], [44, 0], [45, 0], [46, 0], [47, 0], [48, 0], [49, 0], [50, 0]]",12,1
9,What category did I spend the most on overall?,"[[11, 3], [21, 3], [25, 3], [26, 3], [40, 3], [52, 3], [53, 3], [63, 3]]",transportation,1
